{"cameraMode":{"drawMode":0,"name":"Shaded","section":"Shading Mode"},"sceneLighting":true,"audioPlay":false,"sceneViewState":{"m_AlwaysRefresh":false,"showFog":true,"showSkybox":true,"showFlares":true,"showImageEffects":true,"showParticleSystems":true,"showVisualEffectGraphs":true,"m_FxEnabled":true},"in2DMode":false,"pivot":{"x":1.1299419403076172,"y":-2.1498141288757326,"z":5.143894672393799},"rotation":{"x":-0.020594052970409395,"y":0.9671220779418945,"z":0.23943056166172028,"w":0.08318445086479187},"size":0.8416743874549866,"orthographic":false}